"","subject","age_months","gender","outcome_order","domain","task","expected","unexpected","diff_log"
"1",2,21.9,"male","exp_first","physical","containment",3.01357219168232,2.41591377830105,-0.597658413381273
"2",2,21.9,"male","exp_first","physical","continuity",3.31758324162102,3.19785645764413,-0.119726783976897
"3",2,21.9,"male","exp_first","physical","solidity",2.99706649656713,2.8402473707136,-0.156819125853532
"4",2,21.9,"male","exp_first","physical","support",2.52412736294128,2.36085400111802,-0.16327336182326
"5",2,21.9,"male","exp_first","social","drink",3.37823891210625,3.30561906939879,-0.0726198427074571
"6",2,21.9,"male","exp_first","social","fairness",3.40119738166216,3.27229076078711,-0.128906620875046
"7",2,21.9,"male","exp_first","social","reach",3.31467203141356,2.47210755286916,-0.842564478544405
"8",2,21.9,"male","exp_first","social","snack",3.18469837306661,2.93943738373049,-0.245260989336123
"9",3,23.3,"female","unexp_first","physical","containment",2.15640258281596,2.61885462229774,0.462452039481775
"10",3,23.3,"female","unexp_first","physical","solidity",2.03995377017272,2.67827804276854,0.638324272595822
"11",3,23.3,"female","unexp_first","physical","support",1.93441576962958,2.47148362945586,0.537067859826281
"12",3,23.3,"female","unexp_first","social","drink",2.59359939112164,2.76028139332766,0.16668200220602
"13",3,23.3,"female","unexp_first","social","fairness",2.88346497168291,3.09465618947328,0.211191217790369
"14",3,23.3,"female","unexp_first","social","snack",2.52412736294128,3.22499856461313,0.700871201671853
"15",4,21.1,"male","unexp_first","physical","containment",3.33363206216639,3.29435428604411,-0.0392777761222831
"16",4,21.1,"male","unexp_first","physical","continuity",3.29405274421083,3.40119738166216,0.107144637451328
"17",4,21.1,"male","unexp_first","physical","solidity",2.98093711463724,3.23789383070396,0.256956716066719
"18",4,21.1,"male","unexp_first","physical","support",3.34073941262504,3.0521126069901,-0.288626805634943
"19",4,21.1,"male","unexp_first","social","drink",3.37960410003159,3.40119738166216,0.021593281630568
"20",4,21.1,"male","unexp_first","social","fairness",3.40119738166216,3.33093948786862,-0.0702578937935381
"21",4,21.1,"male","unexp_first","social","reach",3.13816444448503,3.40119738166216,0.263032937177127
"22",4,21.1,"male","unexp_first","social","snack",3.40119738166216,3.40119738166216,0
"23",5,21.8,"female","unexp_first","physical","containment",3.06898273529358,2.6447553507299,-0.424227384563688
"24",5,21.8,"female","unexp_first","physical","support",2.67000213346468,3.36453339729056,0.694531263825884
"25",5,21.8,"female","unexp_first","social","reach",2.41233595695316,3.03687421688517,0.624538259932002
"26",6,20.6,"female","exp_first","physical","containment",2.55256529826182,1.81807677754543,-0.734488520716387
"27",6,20.6,"female","exp_first","physical","continuity",2.66432739008838,2.90142159408275,0.237094203994371
"28",6,20.6,"female","exp_first","social","drink",2.97686378924961,2.97678718731154,-7.66019380664673e-05
"29",7,20.3,"female","unexp_first","physical","containment",2.73176672771953,2.96938829821439,0.237621570494863
"30",7,20.3,"female","unexp_first","physical","continuity",2.35974350683399,2.68375750853317,0.324014001699171
"31",7,20.3,"female","unexp_first","physical","solidity",3.31769966915859,3.33932197794407,0.0216223087854734
"32",7,20.3,"female","unexp_first","physical","support",3.07454345397828,3.30321697330195,0.22867351932367
"33",7,20.3,"female","unexp_first","social","drink",2.91585644114158,2.83856095038281,-0.0772954907587731
"34",7,20.3,"female","unexp_first","social","fairness",1.72623718018035,2.36268901706375,0.6364518368834
"35",7,20.3,"female","unexp_first","social","reach",3.08824320610966,3.27585573103185,0.187612524922186
"36",7,20.3,"female","unexp_first","social","snack",3.40119738166216,3.26556574960213,-0.135631632060021
"37",8,23.2,"female","unexp_first","physical","containment",2.12823170584927,2.50143595173921,0.373204245889943
"38",8,23.2,"female","unexp_first","physical","continuity",3.07350997459668,3.28989331210348,0.216383337506806
"39",8,23.2,"female","unexp_first","physical","solidity",3.0070168274203,2.55567572067621,-0.451341106744088
"40",8,23.2,"female","unexp_first","physical","support",2.65042108826557,3.05588619637374,0.405465108108164
"41",8,23.2,"female","unexp_first","social","drink",3.28074054762137,3.3361225236922,0.055381976070835
"42",8,23.2,"female","unexp_first","social","fairness",2.81163923711165,3.35594079007403,0.54430155296238
"43",8,23.2,"female","unexp_first","social","reach",2.49422142106255,3.31309011415189,0.81886869308934
"44",8,23.2,"female","unexp_first","social","snack",3.14069804380418,3.08507737388984,-0.0556206699143358
"45",9,23.3,"female","unexp_first","physical","containment",2.76757618041624,2.78747733473353,0.0199011543172953
"46",9,23.3,"female","unexp_first","physical","continuity",3.39182021984956,2.94233149682688,-0.449488723022683
"47",9,23.3,"female","unexp_first","physical","support",2.96320908184843,3.22525543183224,0.262046349983809
"48",9,23.3,"female","unexp_first","social","fairness",2.54847678183419,3.12037471876127,0.571897936927075
"49",9,23.3,"female","unexp_first","social","reach",2.006870848845,2.6447553507299,0.637884501884896
"50",9,23.3,"female","unexp_first","social","snack",2.63332665490627,2.01223279198639,-0.621093862919888
"51",10,20.8,"male","exp_first","physical","containment",3.04070563919672,2.33020026002702,-0.710505379169703
"52",10,20.8,"male","exp_first","physical","continuity",3.1689888026854,2.54944517092557,-0.619543631759832
"53",10,20.8,"male","exp_first","physical","solidity",2.7714198150348,2.09433015417359,-0.677089660861213
"54",10,20.8,"male","exp_first","physical","support",2.76000994003292,1.93441576962958,-0.825594170403343
"55",10,20.8,"male","exp_first","social","drink",3.0089950674324,2.45289846957083,-0.556096597861575
"56",10,20.8,"male","exp_first","social","fairness",3.40119738166216,2.61214987669533,-0.789047504966821
"57",10,20.8,"male","exp_first","social","reach",2.89526174319036,2.57814580491348,-0.317115938276875
"58",11,21.8,"female","unexp_first","physical","solidity",2.52546158595442,3.14587493198371,0.620413346029292
"59",11,21.8,"female","unexp_first","physical","support",2.86562358820697,2.7239235502585,-0.141700037948471
"60",11,21.8,"female","unexp_first","social","reach",3.12591582240883,3.23875719542203,0.1128413730132
"61",11,21.8,"female","unexp_first","social","snack",3.40119738166216,3.24079668148973,-0.16040070017243
"62",13,22.3,"female","exp_first","physical","containment",3.11971825333498,1.67147330335355,-1.44824494998143
"63",13,22.3,"female","exp_first","physical","continuity",3.33630229072227,2.90799335924598,-0.428308931476284
"64",13,22.3,"female","exp_first","physical","solidity",3.29717108901747,3.06712226964066,-0.230048819376802
"65",13,22.3,"female","exp_first","social","drink",3.40119738166216,3.40119738166216,0
"66",13,22.3,"female","exp_first","social","fairness",3.32299663435468,3.34351827007548,0.0205216357207969
"67",13,22.3,"female","exp_first","social","reach",2.77525895079566,3.15674404376119,0.381485092965534
"68",13,22.3,"female","exp_first","social","snack",3.03687421688517,3.13159738952473,0.0947231726395676
"69",14,20.3,"female","exp_first","physical","containment",3.21567069391925,2.91017438519234,-0.305496308726908
"70",14,20.3,"female","exp_first","physical","continuity",3.34340964118092,3.1389664416399,-0.204443199541021
"71",14,20.3,"female","exp_first","physical","solidity",3.20245332629208,2.56186769092413,-0.64058563536795
"72",14,20.3,"female","exp_first","physical","support",2.58021682959233,2.50143595173921,-0.0787808778531143
"73",14,20.3,"female","exp_first","social","drink",3.01882798834864,2.99707185848305,-0.0217561298655928
"74",14,20.3,"female","exp_first","social","fairness",3.22943930337777,3.29550905088912,0.0660697475113468
"75",14,20.3,"female","exp_first","social","reach",2.98227312017999,2.40553306224649,-0.576740057933498
"76",14,20.3,"female","exp_first","social","snack",3.10368941505908,2.67133635647782,-0.432353058581266
"77",15,18.6,"female","unexp_first","physical","continuity",1.81423232508011,1.91102289005487,0.0967905649747591
"78",15,18.6,"female","unexp_first","social","drink",1.85763221337876,2.43191867910163,0.57428646572287
"79",15,18.6,"female","unexp_first","social","reach",2.9386524977041,2.95055005076076,0.0118975530566621
"80",17,23.5,"female","exp_first","physical","containment",3.40119738166216,3.40119738166216,0
"81",17,23.5,"female","exp_first","physical","solidity",3.40119738166216,3.09828886187908,-0.302908519783073
"82",17,23.5,"female","exp_first","physical","support",3.16800349449444,3.35200713747138,0.184003642976939
"83",17,23.5,"female","exp_first","social","drink",3.31769966915859,2.92635633368465,-0.391343335473945
"84",17,23.5,"female","exp_first","social","fairness",3.38633826725841,1.78732487216019,-1.59901339509822
"85",17,23.5,"female","exp_first","social","reach",2.38959646998368,3.0523327450707,0.662736275087025
"86",17,23.5,"female","exp_first","social","snack",3.37279790714046,3.24548785506561,-0.127310052074851
"87",18,22.9,"male","exp_first","physical","containment",2.85647020622048,2.69462718077007,-0.161843025450414
"88",18,22.9,"male","exp_first","physical","continuity",3.05289068739394,3.0708397460408,0.0179490586468565
"89",18,22.9,"male","exp_first","physical","solidity",3.06285423710513,3.11262602502549,0.0497717879203594
"90",18,22.9,"male","exp_first","physical","support",3.24415363205247,3.03879176301444,-0.205361869038031
"91",18,22.9,"male","exp_first","social","drink",3.40119738166216,3.08725757612164,-0.313939805540517
"92",18,22.9,"male","exp_first","social","fairness",3.23467949004133,2.87850218234078,-0.356177307700545
"93",18,22.9,"male","exp_first","social","reach",3.28808257722432,2.96721710324597,-0.320865473978354
"94",18,22.9,"male","exp_first","social","snack",3.17638577324725,3.16596503302894,-0.010420740218307
"95",19,23,"male","unexp_first","physical","continuity",2.08709931174675,2.91885122921803,0.831751917471279
"96",19,23,"male","unexp_first","physical","solidity",2.86010064149397,3.38642209608,0.526321454586031
"97",19,23,"male","unexp_first","physical","support",2.99773027621666,2.92959247104945,-0.0681378051672179
"98",19,23,"male","unexp_first","social","drink",3.0285651636265,3.04030059303387,0.0117354294073686
"99",19,23,"male","unexp_first","social","fairness",2.88098665566844,3.19740809524409,0.316421439575652
"100",19,23,"male","unexp_first","social","reach",3.14336827236006,3.34191055268738,0.198542280327325
"101",19,23,"male","unexp_first","social","snack",3.26575941076705,3.36031975586598,0.0945603450989312
"102",20,17.6,"female","unexp_first","physical","containment",3.38099467434464,2.36085400111802,-1.02014067322661
"103",20,17.6,"female","unexp_first","physical","continuity",2.74479974331095,3.32934327789417,0.58454353458322
"104",20,17.6,"female","unexp_first","physical","support",2.49485698064117,3.16800349449444,0.673146513853276
"105",20,17.6,"female","unexp_first","social","drink",3.01096940173612,3.24637623583593,0.235406834099811
"106",20,17.6,"female","unexp_first","social","fairness",2.79284673776229,1.74958454417734,-1.04326219358494
"107",20,17.6,"female","unexp_first","social","snack",3.40119738166216,1.83231440539447,-1.56888297626768
"108",21,20.5,"male","exp_first","physical","containment",2.83556352140117,2.94233149682688,0.106767975425706
"109",21,20.5,"male","exp_first","physical","continuity",2.89968652917071,3.14587493198371,0.246188402812998
"110",21,20.5,"male","exp_first","physical","solidity",2.49948609955116,2.94864066602014,0.449154566468983
"111",21,20.5,"male","exp_first","physical","support",3.03687421688517,2.68375750853317,-0.353116708352001
"112",21,20.5,"male","exp_first","social","drink",3.19755535731653,3.20809404926491,0.0105386919483808
"113",21,20.5,"male","exp_first","social","fairness",3.39230843424491,3.13587890529723,-0.256429528947676
"114",21,20.5,"male","exp_first","social","reach",2.30124730015239,2.55345319232311,0.252205892170724
"115",21,20.5,"male","exp_first","social","snack",3.26116873705845,2.92018545223117,-0.340983284827282
"116",22,18.4,"male","exp_first","physical","containment",2.1701959049483,1.83736998048011,-0.332825924468193
"117",22,18.4,"male","exp_first","physical","continuity",3.01820512940605,2.93172694357808,-0.0864781858279708
"118",22,18.4,"male","exp_first","physical","solidity",2.59658892997,2.09924416897602,-0.497344760993987
"119",22,18.4,"male","exp_first","social","drink",3.1625809350447,3.29673012198154,0.134149186936843
"120",22,18.4,"male","exp_first","social","fairness",3.16618425479256,3.14925064226312,-0.0169336125294395
"121",22,18.4,"male","exp_first","social","reach",2.52358731586691,2.22754990705113,-0.29603740881578
"122",23,19.6,"female","unexp_first","physical","continuity",2.57680801207182,2.60712428251225,0.0303162704404274
"123",23,19.6,"female","unexp_first","physical","solidity",2.86923312505724,3.40119738166216,0.531964256604913
"124",23,19.6,"female","unexp_first","physical","support",2.97756830292632,2.97552956623647,-0.002038736689848
"125",23,19.6,"female","unexp_first","social","drink",2.8131436584062,3.25106008514836,0.437916426742157
"126",23,19.6,"female","unexp_first","social","fairness",2.08054712498759,3.12815685920332,1.04760973421574
"127",23,19.6,"female","unexp_first","social","reach",3.27603423870815,3.10769743645662,-0.168336802251527
"128",24,15.7,"male","unexp_first","physical","containment",2.10413415427021,3.02140002030257,0.917265866032361
"129",24,15.7,"male","unexp_first","physical","continuity",3.30146567659995,3.30615383297526,0.00468815637530806
"130",24,15.7,"male","unexp_first","physical","solidity",2.85088398638905,2.70270259477561,-0.148181391613432
"131",24,15.7,"male","unexp_first","social","fairness",2.26654515651085,2.84819683284545,0.581651676334603
"132",24,15.7,"male","unexp_first","social","reach",2.91719244668433,2.98157632432386,0.064383877639532
"133",25,21.2,"female","exp_first","physical","continuity",3.01033107297514,2.8142103969306,-0.196120676044544
"134",25,21.2,"female","exp_first","physical","support",3.1072736482869,2.26592110862245,-0.841352539664444
"135",25,21.2,"female","exp_first","social","drink",2.46943375448476,2.01758039831298,-0.451853356171775
"136",25,21.2,"female","exp_first","social","reach",3.03762321526315,1.95561619156749,-1.08200702369566
"137",25,21.2,"female","exp_first","social","snack",3.06712226964066,3.31041631576749,0.243294046126822
"138",26,23.8,"female","exp_first","physical","containment",2.58021682959233,1.97408102602201,-0.606135803570315
"139",26,23.8,"female","exp_first","physical","solidity",3.31187723640716,2.67827804276854,-0.633599193638621
"140",26,23.8,"female","exp_first","social","drink",3.39180764131232,3.19004597939321,-0.201761661919106
"141",26,23.8,"female","exp_first","social","fairness",3.25195107654999,3.11449811027228,-0.137452966277704
"142",26,23.8,"female","exp_first","social","reach",2.64458062715354,2.63733467630381,-0.00724595084973156
"143",26,23.8,"female","exp_first","social","snack",2.98163334917449,2.38088035714331,-0.600752992031178
"144",27,24.7,"male","unexp_first","physical","solidity",2.36218822413116,2.8402473707136,0.478059146582438
"145",27,24.7,"male","unexp_first","social","drink",2.7562680100142,2.85257987156214,0.0963118615479455
"146",27,24.7,"male","unexp_first","social","reach",2.47415385801174,2.84425539211114,0.370101534099396
"147",27,24.7,"male","unexp_first","social","snack",3.10009228887823,3.18271584345376,0.0826235545755232
"148",28,16.4,"male","unexp_first","physical","containment",2.67276838695757,2.76757618041624,0.0948077934586662
"149",28,16.4,"male","unexp_first","physical","continuity",3.13990206438357,3.32934327789417,0.189441213510603
"150",28,16.4,"male","unexp_first","physical","solidity",2.59060088812538,3.10009228887823,0.509491400752854
"151",28,16.4,"male","unexp_first","physical","support",2.24918431626693,2.36837283353205,0.119188517265118
"152",28,16.4,"male","unexp_first","social","drink",2.99104842424156,3.16319872935702,0.172150305115457
"153",28,16.4,"male","unexp_first","social","fairness",2.92942227276804,3.37125502504708,0.441832752279039
"154",28,16.4,"male","unexp_first","social","reach",2.11651319695305,2.50215989793556,0.385646700982513
"155",28,16.4,"male","unexp_first","social","snack",2.59525470695687,2.93943738373049,0.344182676773626
"156",29,24.7,"male","exp_first","physical","solidity",3.16427441555103,2.8541687092322,-0.31010570631883
"157",29,24.7,"male","exp_first","social","drink",3.0684564926538,2.8732465083707,-0.195209984283099
"158",29,24.7,"male","exp_first","social","reach",2.83352785891964,2.54403397040662,-0.289493888513017
"159",29,24.7,"male","exp_first","social","snack",3.29435428604411,3.1926332801111,-0.101721005933003
"160",30,17.4,"male","exp_first","physical","containment",2.74727091425549,1.93441576962958,-0.812855144625913
"161",30,17.4,"male","exp_first","physical","continuity",3.37409545188436,3.03879176301444,-0.335303688869926
"162",30,17.4,"male","exp_first","physical","support",2.25339484880327,1.99605993274078,-0.257334916062489
"163",30,17.4,"male","exp_first","social","drink",1.7864047040904,1.7493164117183,-0.0370882923720932
"164",30,17.4,"male","exp_first","social","fairness",2.81429528116977,2.12907416588225,-0.685221115287525
"165",30,17.4,"male","exp_first","social","reach",3.20378933183482,3.40119738166216,0.197408049827335
"166",31,16.2,"male","unexp_first","physical","continuity",3.13816444448503,2.24070968927596,-0.89745475520907
"167",31,16.2,"male","unexp_first","physical","support",3.1072736482869,3.22525543183224,0.117981783545341
"168",31,16.2,"male","unexp_first","social","fairness",2.88346497168291,3.09465618947328,0.211191217790369
"169",31,16.2,"male","unexp_first","social","reach",3.20378933183482,3.11841182466903,-0.0853775071657918
"170",32,22,"male","unexp_first","physical","containment",3.22207071576472,3.03879176301444,-0.183278952750282
"171",32,22,"male","unexp_first","physical","continuity",2.66432739008838,3.24726889936942,0.58294150928104
"172",32,22,"male","unexp_first","physical","solidity",2.46603816548362,2.60417007061482,0.1381319051312
"173",32,22,"male","unexp_first","physical","support",2.62756295018952,2.71336936257981,0.0858064123902866
"174",32,22,"male","unexp_first","social","drink",3.15407024537679,3.11797363135209,-0.0360966140247072
"175",32,22,"male","unexp_first","social","fairness",3.10065021341349,3.14925064226312,0.0486004288496331
"176",32,22,"male","unexp_first","social","reach",3.02990116916924,3.0017382976142,-0.0281628715550379
"177",32,22,"male","unexp_first","social","snack",3.11262602502549,2.92664403227058,-0.185981992754908
"178",33,19.4,"female","exp_first","physical","containment",2.93810316071735,2.63044895507866,-0.307654205638696
"179",33,19.4,"female","exp_first","social","drink",2.23777951350264,2.94767910315347,0.709899589650834
"180",33,19.4,"female","exp_first","social","fairness",3.21355194361545,2.55193101670228,-0.661620926913172
"181",34,23.5,"male","exp_first","physical","containment",3.37142522332849,3.34638914516716,-0.025036078161325
"182",34,23.5,"male","exp_first","physical","continuity",3.36996605854235,2.45787797740008,-0.912088081142272
"183",34,23.5,"male","exp_first","physical","solidity",3.39045902344102,3.01357219168232,-0.376886831758701
"184",34,23.5,"male","exp_first","social","drink",3.40119738166216,3.35173675149376,-0.0494606301684
"185",34,23.5,"male","exp_first","social","fairness",3.40119738166216,2.95047568196587,-0.450721699696285
"186",34,23.5,"male","exp_first","social","reach",2.95758050758961,2.78654707449049,-0.171033433099127
"187",35,21.4,"male","unexp_first","physical","solidity",2.65175531127871,3.08922261664133,0.437467305362619
"188",35,21.4,"male","unexp_first","physical","support",2.26592110862245,2.98365969231972,0.717738583697268
"189",35,21.4,"male","unexp_first","social","drink",2.74603774176338,3.17166618045612,0.425628438692738
"190",35,21.4,"male","unexp_first","social","reach",2.39326619887264,3.09505047475585,0.701784275883217
"191",35,21.4,"male","unexp_first","social","snack",2.8402473707136,3.31333602587082,0.473088655157225
"192",36,24.1,"male","unexp_first","physical","containment",2.84490938381941,3.25501487148407,0.410105487664667
"193",36,24.1,"male","unexp_first","physical","continuity",3.13118361334369,3.27487801498349,0.143694401639797
"194",36,24.1,"male","unexp_first","physical","solidity",1.88232482596913,3.17136484219715,1.28904001622801
"195",36,24.1,"male","unexp_first","physical","support",1.75785791755237,2.22786154679811,0.470003629245736
"196",36,24.1,"male","unexp_first","social","drink",2.82032931806707,3.30118447233092,0.480855154263851
"197",36,24.1,"male","unexp_first","social","fairness",3.35902245661144,3.18649889614374,-0.172523560467702
"198",36,24.1,"male","unexp_first","social","reach",3.18736860162249,3.17201151589198,-0.0153570857305101
"199",36,24.1,"male","unexp_first","social","snack",2.13298230860787,3.30895325771573,1.17597094910786
"200",37,20,"male","exp_first","physical","continuity",2.17742195004004,2.31451366385932,0.13709171381928
"201",37,20,"male","exp_first","physical","solidity",2.82271310942235,2.98971420122843,0.167001091806078
"202",37,20,"male","exp_first","social","drink",3.40119738166216,2.98698095550108,-0.414216426161071
"203",37,20,"male","exp_first","social","fairness",3.06619898465924,2.05819982629559,-1.00799915836365
"204",37,20,"male","exp_first","social","reach",2.93439717213396,3.11128166968444,0.17688449755048
"205",37,20,"male","exp_first","social","snack",3.30615383297526,3.32637024370973,0.0202164107344669
"206",38,18.8,"female","exp_first","physical","containment",3.37826987701845,2.74212951475507,-0.636140362263378
"207",38,18.8,"female","exp_first","physical","continuity",3.1536953865159,3.23946245847659,0.0857670719606842
"208",38,18.8,"female","exp_first","physical","solidity",3.20570536167846,3.16631857412952,-0.0393867875489309
"209",38,18.8,"female","exp_first","social","drink",3.21539849088412,3.20483671739461,-0.0105617734895094
"210",38,18.8,"female","exp_first","social","fairness",3.40119738166216,3.38633826725841,-0.01485911440375
"211",38,18.8,"female","exp_first","social","reach",3.11173118741687,3.27129298547343,0.159561798056554
"212",39,15.4,"male","unexp_first","physical","continuity",2.86143664703671,2.54944517092557,-0.311991476111141
"213",39,15.4,"male","unexp_first","physical","solidity",2.83689774441431,2.53686638871871,-0.300031355695595
"214",39,15.4,"male","unexp_first","physical","support",2.95073490762325,3.40119738166216,0.4504624740389
"215",39,15.4,"male","unexp_first","social","drink",3.06285423710513,3.27110701709365,0.208252779988516
"216",39,15.4,"male","unexp_first","social","snack",3.36453339729056,3.40119738166216,0.0366639843715917
"217",41,22.4,"male","exp_first","physical","containment",3.18800416120111,2.84490938381941,-0.343094777381706
"218",41,22.4,"male","exp_first","physical","continuity",2.76014531298561,2.88814706287405,0.128001749888441
"219",41,22.4,"male","exp_first","physical","solidity",3.09600644442203,2.64191039859767,-0.454096045824366
"220",41,22.4,"male","exp_first","physical","support",2.87694873756402,2.89037175789616,0.0134230203321408
"221",41,22.4,"male","exp_first","social","drink",2.92234295037119,3.3275017806483,0.405158830277107
"222",41,22.4,"male","exp_first","social","fairness",3.06825871762225,3.182835888385,0.11457717076275
"223",41,22.4,"male","exp_first","social","reach",2.93012366135658,3.09140748347735,0.161283822120778
"224",41,22.4,"male","exp_first","social","snack",3.40119738166216,3.14892884587637,-0.252268535785782
"225",42,24.4,"female","exp_first","physical","containment",3.12851338478781,2.73954886816158,-0.388964516626229
"226",42,24.4,"female","exp_first","physical","continuity",3.10994387684278,3.09467222140889,-0.015271655433883
"227",42,24.4,"female","exp_first","physical","solidity",2.59060088812538,2.8724340572095,0.281833169084118
"228",42,24.4,"female","exp_first","physical","support",3.34920208654377,3.21727454350123,-0.131927543042548
"229",42,24.4,"female","exp_first","social","drink",3.0382084398983,3.10724007570898,0.0690316358106742
"230",42,24.4,"female","exp_first","social","fairness",3.40119738166216,3.40119738166216,0
"231",42,24.4,"female","exp_first","social","reach",3.35327582410197,3.27737203154981,-0.0759037925521651
"232",42,24.4,"female","exp_first","social","snack",2.73176672771953,3.26556574960213,0.533799021882609
"233",43,20,"male","unexp_first","physical","continuity",3.04528608800872,2.18829594659192,-0.856990141416802
"234",43,20,"male","unexp_first","physical","solidity",2.56320191393727,2.62466859216316,0.0614666782258939
"235",43,20,"male","unexp_first","physical","support",1.89911798754855,2.93810316071735,1.0389851731688
"236",43,20,"male","unexp_first","social","drink",2.73049338732558,3.01695322903688,0.286459841711295
"237",43,20,"male","unexp_first","social","snack",2.75747508442973,2.90932758225912,0.151852497829388
"238",44,23,"female","unexp_first","physical","containment",2.71866038021423,2.46470394247048,-0.253956437743744
"239",44,23,"female","unexp_first","physical","continuity",2.9964004994392,2.84954976337591,-0.146850736063287
"240",44,23,"female","unexp_first","physical","solidity",3.05910188748658,3.04832472367316,-0.0107771638134189
"241",44,23,"female","unexp_first","physical","support",2.43361335540045,3.10189246938238,0.668279113981932
"242",44,23,"female","unexp_first","social","drink",3.28674657168158,3.05367232999976,-0.233074241681825
"243",44,23,"female","unexp_first","social","reach",3.0937126819142,3.22288384626574,0.129171164351545
"244",44,23,"female","unexp_first","social","snack",3.24882290123615,3.21860876651436,-0.0302141347217892
"245",45,20,"male","exp_first","physical","containment",2.77757626375082,3.03302805829769,0.255451794546867
"246",45,20,"male","exp_first","physical","solidity",2.92878765581383,3.14242665270479,0.213638996890961
"247",45,20,"male","exp_first","physical","support",3.1646308100158,2.3494686788929,-0.815162131122909
"248",45,20,"male","exp_first","social","drink",3.19466156674761,2.99304770818332,-0.201613858564284
"249",45,20,"male","exp_first","social","fairness",3.36362722299819,3.29688453503677,-0.0667426879614181
"250",47,15.8,"male","unexp_first","physical","continuity",1.8589682189215,2.51122395810537,0.652255739183869
"251",47,15.8,"male","unexp_first","physical","support",2.05412373369555,2.59525470695687,0.541130973261319
"252",47,15.8,"male","unexp_first","social","drink",2.69596140378321,3.15465896780889,0.458697564025681
"253",47,15.8,"male","unexp_first","social","fairness",2.48416891460146,2.35011023485689,-0.13405867974457
"254",47,15.8,"male","unexp_first","social","snack",2.92316158071916,3.37960410003159,0.456442519312432
"255",49,19.2,"female","exp_first","physical","solidity",2.91368488762808,2.54002594900908,-0.373658938618997
"256",49,19.2,"female","exp_first","social","fairness",1.85186339329776,1.7023316593268,-0.149531733970964
"257",49,19.2,"female","exp_first","social","reach",2.85683893778808,1.63716246044896,-1.21967647733913
"258",51,22.8,"female","unexp_first","physical","containment",2.47148362945586,2.98163334917449,0.51014971971863
"259",51,22.8,"female","unexp_first","physical","continuity",2.98430357773037,2.65324196460721,-0.331061613123153
"260",51,22.8,"female","unexp_first","physical","solidity",3.02662529880867,3.09828886187908,0.0716635630704108
"261",51,22.8,"female","unexp_first","physical","support",3.23632273847192,3.20761263258949,-0.0287101058824315
"262",51,22.8,"female","unexp_first","social","drink",3.05910188748658,3.40119738166216,0.342095494175575
"263",51,22.8,"female","unexp_first","social","fairness",2.99129767648613,3.40119738166216,0.40989970517603
"264",51,22.8,"female","unexp_first","social","reach",2.79014756328941,3.00373231622107,0.213584752931657
"265",51,22.8,"female","unexp_first","social","snack",3.31200180285768,3.40119738166216,0.0891955788044712
"266",52,20,"male","unexp_first","physical","containment",2.03339760317843,2.89259151463448,0.859193911456049
"267",52,20,"male","unexp_first","physical","continuity",2.11167057247726,2.51122395810537,0.399553385628115
"268",52,20,"male","unexp_first","physical","solidity",2.7714198150348,2.71601837075139,-0.0554014442834125
"269",52,20,"male","unexp_first","physical","support",2.79728133483015,3.1072736482869,0.309992313456746
"270",52,20,"male","unexp_first","social","fairness",2.4767614733236,2.88840325332349,0.411641779999893
"271",52,20,"male","unexp_first","social","reach",2.3132234911991,2.44461441228896,0.131390921089857
"272",52,20,"male","unexp_first","social","snack",2.7239235502585,3.01490641469546,0.290982864436959
"273",53,23.4,"male","unexp_first","physical","continuity",2.58591277906474,3.09104245335832,0.505129674293575
"274",53,23.4,"male","unexp_first","physical","solidity",2.72262965086537,3.23001356927866,0.507383918413289
"275",53,23.4,"male","unexp_first","social","drink",3.26556574960213,3.32605773707606,0.0604919874739296
"276",53,23.4,"male","unexp_first","social","fairness",2.96882482063407,3.06825871762225,0.0994338969881872
"277",53,23.4,"male","unexp_first","social","reach",2.36729071246938,2.97749468600421,0.610203973534833
"278",53,23.4,"male","unexp_first","social","snack",2.31451366385932,3.16088458179652,0.846370917937203
"279",54,20.9,"female","exp_first","physical","continuity",3.2358433581249,2.77008559202166,-0.465757766103241
"280",54,20.9,"female","exp_first","physical","solidity",2.94155378663687,3.04261585945284,0.101062072815973
"281",54,20.9,"female","exp_first","physical","support",2.54317555791198,1.88706964903238,-0.656105908879596
"282",54,20.9,"female","exp_first","social","drink",2.66578078663321,3.03837566462428,0.372594877991068
"283",54,20.9,"female","exp_first","social","fairness",3.40119738166216,3.2485205414532,-0.152676840208958
"284",54,20.9,"female","exp_first","social","reach",3.12767483781401,2.46188599879762,-0.665788839016389
"285",54,20.9,"female","exp_first","social","snack",3.35620001573142,3.2986514741879,-0.0575485415435195
"286",55,18.4,"male","exp_first","physical","containment",3.04832472367316,2.77258872223978,-0.27573600143338
"287",55,18.4,"male","exp_first","physical","continuity",2.73963177315251,2.65605490598383,-0.083576867168679
"288",55,18.4,"male","exp_first","physical","solidity",2.92234295037119,2.57413778351594,-0.348205166855248
"289",55,18.4,"male","exp_first","physical","support",2.8142103969306,2.94864066602014,0.13443026908954
"290",55,18.4,"male","exp_first","social","drink",3.1625809350447,3.26344414434808,0.100863209303376
"291",55,18.4,"male","exp_first","social","reach",3.03183727819611,3.21967871531679,0.187841437120684
"292",55,18.4,"male","exp_first","social","snack",2.98365969231972,2.78387327610609,-0.199786416213636
"293",56,15.4,"male","unexp_first","physical","containment",1.75785791755237,2.53369681395743,0.775838896405058
"294",56,15.4,"male","unexp_first","physical","continuity",2.67267236202056,2.89701630061483,0.224343938594274
"295",56,15.4,"male","unexp_first","physical","solidity",1.81941100055857,2.73954886816158,0.920137867603016
"296",56,15.4,"male","unexp_first","social","drink",3.14203226681731,3.26190449816248,0.119872231345171
"297",56,15.4,"male","unexp_first","social","fairness",3.36821088266585,3.2872785517526,-0.0809323309132477
"298",56,15.4,"male","unexp_first","social","reach",3.07165296384946,3.15674404376119,0.0850910799117317
"299",59,15.9,"male","unexp_first","physical","containment",2.10413415427021,2.03339760317843,-0.0707365510917786
"300",59,15.9,"male","unexp_first","physical","support",1.66392609771817,2.91885122921803,1.25492513149986
"301",59,15.9,"male","unexp_first","social","drink",2.61140401575514,2.80991937441943,0.198515358664284
"302",59,15.9,"male","unexp_first","social","fairness",3.05166082621322,3.34663839741172,0.294977571198505
"303",59,15.9,"male","unexp_first","social","reach",2.25185454482281,3.27433712785466,1.02248258303185
"304",59,15.9,"male","unexp_first","social","snack",3.1108450806545,2.98701616071363,-0.12382891994087
"305",61,16.3,"female","exp_first","physical","support",2.16102152867226,2.5922651681085,0.431243639436241
"306",61,16.3,"female","exp_first","social","reach",2.48088789019308,1.90312600894609,-0.577761881246989
"307",61,16.3,"female","exp_first","social","snack",3.16968558067743,2.99706649656713,-0.172619084110301
"308",62,14.5,"female","exp_first","physical","containment",3.28391422104742,3.08007342198774,-0.203840799059681
"309",62,14.5,"female","exp_first","physical","continuity",3.03183727819611,3.3178157727231,0.285978494526997
"310",62,14.5,"female","exp_first","physical","solidity",3.17604915209557,3.11794990627824,-0.0580992458173273
"311",62,14.5,"female","exp_first","physical","support",3.1896529661913,3.10368941505908,-0.0859635511322141
"312",62,14.5,"female","exp_first","social","drink",3.33923675430298,3.30266485750136,-0.0365718968016195
"313",62,14.5,"female","exp_first","social","fairness",3.22768645455036,3.29714705289336,0.0694605983429994
"314",62,14.5,"female","exp_first","social","reach",3.38502452241655,3.33191760728986,-0.0531069151266927
"315",62,14.5,"female","exp_first","social","snack",3.3322045101752,3.32059822191261,-0.0116062882625982
"316",63,15,"male","unexp_first","physical","support",2.87016905057865,2.86789890204411,-0.00227014853453911
"317",63,15,"male","unexp_first","social","snack",3.02916704964023,3.22976426068615,0.20059721104592
"318",64,15,"male","unexp_first","physical","containment",3.23159459727598,3.34920208654377,0.117607489267799
"319",64,15,"male","unexp_first","physical","continuity",2.70805020110221,3.19948911106801,0.4914389099658
"320",64,15,"male","unexp_first","physical","solidity",3.13856605884083,3.06152001409199,-0.0770460447488333
"321",64,15,"male","unexp_first","social","drink",2.96040251219554,3.06123380270033,0.100831290504797
"322",64,15,"male","unexp_first","social","reach",2.82166532360982,2.52492510870857,-0.296740214901243
"323",65,17.3,"female","exp_first","physical","solidity",3.05910188748658,3.18304137185898,0.123939484372404
"324",65,17.3,"female","exp_first","physical","support",2.89037175789616,2.93810316071735,0.0477314028211899
"325",65,17.3,"female","exp_first","social","fairness",2.77645292798661,1.97580029452852,-0.800652633458088
"326",65,17.3,"female","exp_first","social","reach",3.24056405925984,2.86047822761802,-0.380085831641819
"327",65,17.3,"female","exp_first","social","snack",3.31345846735415,3.20082333408115,-0.112635133273001
"328",66,27,"female","exp_first","physical","containment",3.02529107579554,2.484906649788,-0.540384426007535
"329",66,27,"female","exp_first","physical","continuity",2.99439448071233,2.32238772029023,-0.672006760422105
"330",66,27,"female","exp_first","physical","solidity",3.3406562009572,2.78993736057439,-0.550718840382811
"331",66,27,"female","exp_first","physical","support",3.04261585945284,3.00963517872298,-0.0329806807298589
"332",66,27,"female","exp_first","social","drink",3.08324419280818,3.11797363135209,0.0347294385439056
"333",66,27,"female","exp_first","social","fairness",3.14163155778668,2.82484946884846,-0.316782088938222
"334",66,27,"female","exp_first","social","reach",3.11884865518574,2.75127893565303,-0.367569719532707
"335",66,27,"female","exp_first","social","snack",2.89922137317315,3.22499856461313,0.325777191439988
"336",67,19.6,"female","unexp_first","physical","containment",2.17928687664955,3.04832472367316,0.86903784702361
"337",67,19.6,"female","unexp_first","physical","continuity",2.42570147462579,2.79239134953596,0.366689874910169
"338",67,19.6,"female","unexp_first","physical","solidity",2.96247505179751,3.23001356927866,0.267538517481148
"339",67,19.6,"female","unexp_first","physical","support",3.20761263258949,3.32790958589232,0.120296953302833
"340",67,19.6,"female","unexp_first","social","drink",3.2470467018349,3.38770190018727,0.140655198352374
"341",67,19.6,"female","unexp_first","social","fairness",2.7197805408877,3.09064011981839,0.370859578930689
"342",67,19.6,"female","unexp_first","social","reach",3.10815336606899,3.13076855735793,0.0226151912889447
"343",67,19.6,"female","unexp_first","social","snack",3.39182021984956,3.28824245827316,-0.103577761576394
"344",68,17.9,"female","unexp_first","physical","containment",1.97962120639763,2.46129678414887,0.481675577751242
"345",68,17.9,"female","unexp_first","physical","continuity",2.68642773708904,3.05022045883806,0.363792721749016
"346",68,17.9,"female","unexp_first","physical","solidity",3.07402753770326,2.68375750853317,-0.39027002917009
"347",68,17.9,"female","unexp_first","physical","support",2.11866225483312,2.5922651681085,0.473602913275383
"348",68,17.9,"female","unexp_first","social","drink",3.30602070429445,3.26498142366696,-0.0410392806274844
"349",68,17.9,"female","unexp_first","social","fairness",3.30367236152828,3.25707491354986,-0.0465974479784212
"350",68,17.9,"female","unexp_first","social","reach",2.7626801685888,2.8943797792937,0.131699610704904
"351",68,17.9,"female","unexp_first","social","snack",1.93441576962958,2.50604350009732,0.571627730467738
"352",69,20.24,"female","exp_first","physical","containment",2.22786154679811,3.02334744058696,0.795485893788855
"353",69,20.24,"female","exp_first","physical","continuity",2.64172755817114,2.51769647261099,-0.124031085560147
"354",69,20.24,"female","exp_first","physical","solidity",3.32059822191261,3.18800416120111,-0.132594060711492
"355",69,20.24,"female","exp_first","physical","support",3.21084365317094,3.08190996979504,-0.128933683375893
"356",69,20.24,"female","exp_first","social","drink",3.0089950674324,2.93280103912729,-0.0761940283051099
"357",69,20.24,"female","exp_first","social","fairness",3.37731564965877,2.8859371608283,-0.491378488830469
"358",69,20.24,"female","exp_first","social","reach",3.08274365054362,3.1652547334291,0.0825110828854823
"359",69,20.24,"female","exp_first","social","snack",3.40119738166216,3.32059822191261,-0.0805991597495499
"360",71,15.1,"female","unexp_first","physical","containment",2.98163334917449,2.32238772029023,-0.659245628884264
"361",71,15.1,"female","unexp_first","physical","continuity",2.99439448071233,3.33505757915761,0.340663098445279
"362",71,15.1,"female","unexp_first","physical","solidity",2.26309732148693,2.79728133483015,0.534184013343226
"363",71,15.1,"female","unexp_first","physical","support",2.68375750853317,2.484906649788,-0.198850858745165
"364",71,15.1,"female","unexp_first","social","drink",2.90055559618628,3.34466958427066,0.444113988084379
"365",71,15.1,"female","unexp_first","social","fairness",2.84047478675154,3.29222497568793,0.451750188936385
"366",71,15.1,"female","unexp_first","social","reach",3.05478283554598,3.05612062838764,0.0013377928416598
"367",71,15.1,"female","unexp_first","social","snack",3.01160562271028,2.7937255725491,-0.217880050161183
"368",72,24.6,"female","unexp_first","physical","containment",3.26270130440823,2.58926666511224,-0.673434639295988
"369",72,24.6,"female","unexp_first","physical","continuity",2.67267236202056,3.04452243772342,0.371850075702864
"370",72,24.6,"female","unexp_first","physical","solidity",2.79861555784329,2.8142103969306,0.0155948390873113
"371",72,24.6,"female","unexp_first","physical","support",2.28645571106416,3.03687421688517,0.750418505821004
"372",72,24.6,"female","unexp_first","social","drink",2.8917059809093,3.11440856518759,0.222702584278288
"373",72,24.6,"female","unexp_first","social","fairness",3.1262169943855,3.12232593889253,-0.00389105549296653
"374",72,24.6,"female","unexp_first","social","reach",2.57069178505439,2.65160025346264,0.0809084684082491
"375",72,24.6,"female","unexp_first","social","snack",2.8402473707136,3.31041631576749,0.47016894505389
"376",73,22.14,"female","exp_first","physical","containment",3.1561489949599,3.26575941076705,0.109610415807155
"377",73,22.14,"female","exp_first","physical","continuity",3.00835283296304,3.28241384567219,0.27406101270915
"378",73,22.14,"female","exp_first","physical","solidity",3.35053630955691,3.19458313229916,-0.155953177257755
"379",73,22.14,"female","exp_first","physical","support",3.40119738166216,3.40119738166216,0
"380",73,22.14,"female","exp_first","social","drink",3.17437551153754,3.23377764399961,0.0594021324620697
"381",73,22.14,"female","exp_first","social","fairness",3.20281838797234,3.35439638822266,0.151578000250318
"382",73,22.14,"female","exp_first","social","reach",3.27754824353936,3.40119738166216,0.123649138122791
"383",73,22.14,"female","exp_first","social","snack",3.35620001573142,3.40119738166216,0.0449973659307359
"384",75,23.24,"female","unexp_first","physical","containment",2.75238601492226,2.79971738962803,0.0473313747057724
"385",75,23.24,"female","unexp_first","physical","continuity",3.05099495222904,3.04452243772342,-0.00647251450561726
"386",75,23.24,"female","unexp_first","physical","solidity",2.81793983066969,3.1561489949599,0.338209164290204
"387",75,23.24,"female","unexp_first","physical","support",2.63619609733423,2.91668906621354,0.280492968879312
"388",75,23.24,"female","unexp_first","social","drink",3.06472514504094,3.31150143930186,0.246776294260914
"389",75,23.24,"female","unexp_first","social","fairness",3.33724865706188,3.21532972186145,-0.121918935200432
"390",75,23.24,"female","unexp_first","social","reach",2.64172755817114,2.76148310582727,0.119755547656134
"391",75,23.24,"female","unexp_first","social","snack",2.99573227355399,3.19755535731653,0.201823083762541
"392",77,22.16,"male","unexp_first","physical","containment",2.86105737022739,2.29051251175978,-0.570544858467613
"393",77,22.16,"male","unexp_first","physical","continuity",2.92367895591393,2.9590682891824,0.035389333268466
"394",77,22.16,"male","unexp_first","physical","support",2.93810316071735,2.71071331852169,-0.227389842195661
"395",77,22.16,"male","unexp_first","social","drink",2.33928645984447,2.964415895509,0.625129435664521
"396",77,22.16,"male","unexp_first","social","fairness",2.79013303189069,2.20017008756598,-0.589962944324715
"397",81,16.18,"male","exp_first","physical","containment",3.1108450806545,2.54631527791664,-0.564529802737852
"398",81,16.18,"male","exp_first","physical","continuity",3.35607694638169,3.14242665270479,-0.213650293676891
"399",81,16.18,"male","exp_first","physical","solidity",3.28824245827316,2.93172694357808,-0.356515514695086
"400",81,16.18,"male","exp_first","physical","support",2.50470927708418,2.50143595173921,-0.00327332534496882
"401",81,16.18,"male","exp_first","social","fairness",3.23815775441765,3.14735130645947,-0.0908064479581814
"402",81,16.18,"male","exp_first","social","reach",2.62443606106108,2.77909362383591,0.154657562774831
"403",81,16.18,"male","exp_first","social","snack",2.87694873756402,3.08507737388984,0.208128636325817
"404",82,16.9,"male","exp_first","physical","containment",3.07639017657145,3.15273602236366,0.0763458457922104
"405",82,16.9,"male","exp_first","physical","continuity",2.90628721320206,2.98163334917449,0.075346135972425
"406",82,16.9,"male","exp_first","physical","solidity",2.99706649656713,3.18635263316264,0.189286136595513
"407",82,16.9,"male","exp_first","physical","support",2.89037175789616,3.19948911106801,0.309117353171846
"408",82,16.9,"male","exp_first","social","drink",3.26556574960213,3.31150143930186,0.0459356896997218
"409",82,16.9,"male","exp_first","social","fairness",3.1262169943855,2.95509462782216,-0.171122366563331
"410",82,16.9,"male","exp_first","social","reach",3.02990116916924,3.21967871531679,0.18977754614755
"411",82,16.9,"male","exp_first","social","snack",3.28091121578765,3.37413213015359,0.0932209143659404
"412",83,17,"female","unexp_first","physical","containment",3.06712226964066,3.11617842662986,0.0490561569891943
"413",83,17,"female","unexp_first","physical","continuity",3.14509688126067,2.95491027903374,-0.190186602226937
"414",83,17,"female","unexp_first","physical","solidity",2.99506449389645,3.25037449192757,0.255309998031117
"415",83,17,"female","unexp_first","physical","support",2.97552956623647,2.99573227355399,0.0202027073175191
"416",83,17,"female","unexp_first","social","drink",2.99506449389645,3.24167034479852,0.246605850902062
"417",83,17,"female","unexp_first","social","fairness",3.22064417192494,3.14544835631338,-0.0751958156115591
"418",83,17,"female","unexp_first","social","reach",2.87283927913452,3.02929909719307,0.15645981805855
"419",83,17,"female","unexp_first","social","snack",2.92959247104945,3.36448353703776,0.434891065988316
"420",84,23.8,"male","exp_first","physical","containment",3.19129905709797,2.92530980925744,-0.265989247840521
"421",84,23.8,"male","exp_first","physical","continuity",3.3305798144482,3.13200989184654,-0.198569922601663
"422",84,23.8,"male","exp_first","physical","solidity",3.37413213015359,3.28690823526003,-0.0872238948935662
"423",84,23.8,"male","exp_first","physical","support",3.18635263316264,3.35759374418002,0.171241111017383
"424",84,23.8,"male","exp_first","social","drink",3.40119738166216,3.40119738166216,0
"425",84,23.8,"male","exp_first","social","fairness",3.40119738166216,2.99351743322444,-0.407679948437717
"426",84,23.8,"male","exp_first","social","reach",3.38502452241655,3.20186447904166,-0.18316004337489
"427",84,23.8,"male","exp_first","social","snack",3.37690468909311,3.36309753542989,-0.0138071536632256
"428",86,18.8,"male","unexp_first","physical","containment",2.40514168131914,3.28391422104742,0.878772539728285
"429",86,18.8,"male","unexp_first","physical","support",2.74727091425549,3.11262602502549,0.365355110769999
"430",86,18.8,"male","unexp_first","social","drink",2.7562680100142,2.99102954402708,0.234761534012888
"431",86,18.8,"male","unexp_first","social","fairness",3.10065021341349,2.82747070232833,-0.273179511085154
"432",86,18.8,"male","unexp_first","social","snack",2.89037175789616,3.22817821753051,0.33780645963435
"433",87,17.3,"male","exp_first","physical","containment",3.33932197794407,3.13723183582769,-0.202090142116377
"434",87,17.3,"male","exp_first","physical","continuity",3.31758324162102,3.03687421688517,-0.280709024735855
"435",87,17.3,"male","exp_first","physical","solidity",3.28674657168158,3.25037449192757,-0.0363720797540097
"436",87,17.3,"male","exp_first","physical","support",2.92959247104945,2.82849635417808,-0.101096116871369
"437",87,17.3,"male","exp_first","social","drink",3.40119738166216,3.25106008514836,-0.1501372965138
"438",87,17.3,"male","exp_first","social","fairness",3.35130041051753,3.36362722299819,0.0123268124806581
"439",87,17.3,"male","exp_first","social","reach",3.35327582410197,3.36992358891505,0.0166477648130803
"440",87,17.3,"male","exp_first","social","snack",3.33932197794407,3.37275944634162,0.0334374683975538
"441",92,23.19,"female","exp_first","physical","containment",3.19785645764413,2.82137888640921,-0.376477571234912
"442",92,23.19,"female","exp_first","physical","continuity",2.5828870581482,2.98971420122843,0.406827143080224
"443",92,23.19,"female","exp_first","physical","solidity",3.19755535731653,3.00963517872298,-0.187920178593549
"444",92,23.19,"female","exp_first","physical","support",2.54944517092557,3.1646308100158,0.615185639090233
"445",92,23.19,"female","exp_first","social","drink",3.37413213015359,3.40119738166216,0.0270652515085614
"446",92,23.19,"female","exp_first","social","fairness",3.40119738166216,3.40119738166216,0
"447",92,23.19,"female","exp_first","social","reach",3.30146567659995,2.32246646354787,-0.978999213052079
"448",92,23.19,"female","exp_first","social","snack",3.33932197794407,3.25634909449721,-0.0829728834468573
"449",93,19.26,"female","exp_first","physical","containment",3.30615383297526,2.54002594900908,-0.766127883966181
"450",93,19.26,"female","exp_first","physical","continuity",2.97410980954083,3.31491301306514,0.340803203524318
"451",93,19.26,"female","exp_first","physical","solidity",3.39180764131232,2.55567572067621,-0.836131920636109
"452",93,19.26,"female","exp_first","social","drink",3.26556574960213,3.09820659061131,-0.167359158990826
"453",93,19.26,"female","exp_first","social","fairness",3.35902245661144,3.31820046209119,-0.0408219945202548
"454",93,19.26,"female","exp_first","social","reach",3.17067372305032,3.26364183873791,0.0929681156875843
"455",94,23.9,"female","exp_first","physical","containment",2.79971738962803,2.60712428251225,-0.192593107115785
"456",94,23.9,"female","exp_first","physical","continuity",2.73443695627541,3.07454345397828,0.340106497702876
"457",94,23.9,"female","exp_first","physical","solidity",2.85088398638905,2.54944517092557,-0.301438815463475
"458",94,23.9,"female","exp_first","physical","support",2.34564458245449,2.61885462229774,0.273210039843246
"459",94,23.9,"female","exp_first","social","drink",3.30307952570363,2.88903037607196,-0.414049149631669
"460",94,23.9,"female","exp_first","social","fairness",3.25877704162039,3.35594079007403,0.0971637484536476
"461",94,23.9,"female","exp_first","social","reach",3.075363543246,2.79884735257214,-0.276516190673858
"462",97,20.2,"female","exp_first","physical","containment",1.67896397508271,1.89311196348834,0.214147988405632
"463",97,20.2,"female","exp_first","physical","continuity",2.96173851773828,2.93172694357808,-0.0300115741601998
"464",97,20.2,"female","exp_first","physical","solidity",2.69866046075237,2.54317555791198,-0.155484902840395
"465",97,20.2,"female","exp_first","social","drink",1.99739415575392,2.92419883554463,0.926804679790707
"466",97,20.2,"female","exp_first","social","fairness",3.0495665846101,2.49152188890672,-0.558044695703381
"467",97,20.2,"female","exp_first","social","reach",2.55834594923209,2.91853023952599,0.3601842902939
"468",98,20.9,"male","exp_first","physical","containment",3.28840188751681,2.46129678414887,-0.827105103367944
"469",98,20.9,"male","exp_first","physical","continuity",1.9822914349535,2.94654202936322,0.964250594409716
"470",98,20.9,"male","exp_first","physical","solidity",3.38096742675945,3.16124671203156,-0.219720714727887
"471",98,20.9,"male","exp_first","physical","support",3.27638973106881,2.84258109405982,-0.433808637008991
"472",98,20.9,"male","exp_first","social","drink",2.33153448304016,2.35481628521949,0.0232818021793357
"473",98,20.9,"male","exp_first","social","fairness",3.36362722299819,3.36668532935701,0.00305810635882109
"474",98,20.9,"male","exp_first","social","reach",3.17571151708028,3.0273554619845,-0.148356055095777
"475",98,20.9,"male","exp_first","social","snack",3.24259235148552,3.33210914037875,0.0895167888932291
"476",99,16.3,"male","unexp_first","physical","containment",1.98513086220859,1.71559810826249,-0.269532753946104
"477",99,16.3,"male","unexp_first","physical","solidity",3.0496589466863,2.6616571615325,-0.388001785153798
"478",99,16.3,"male","unexp_first","physical","support",2.50143595173921,2.85876641848083,0.357330466741623
"479",99,16.3,"male","unexp_first","social","drink",2.61140401575514,2.93494007737604,0.323536061620898
"480",99,16.3,"male","unexp_first","social","fairness",1.97580029452852,2.37921831901496,0.40341802448644
"481",99,16.3,"male","unexp_first","social","reach",2.46054820595596,3.11663404642303,0.656085840467069
"482",99,16.3,"male","unexp_first","social","snack",2.70805020110221,2.93306116659122,0.225010965489005
"483",100,19.7,"male","unexp_first","physical","containment",2.63332665490627,2.96527306606928,0.331946411163009
"484",100,19.7,"male","unexp_first","physical","solidity",3.40119738166216,2.92100872735805,-0.480188654304101
"485",100,19.7,"male","unexp_first","physical","support",3.15102515796003,3.32503602069659,0.174010862736565
"486",100,19.7,"male","unexp_first","social","drink",1.83231440539447,2.91334096557258,1.08102656017811
"487",100,19.7,"male","unexp_first","social","reach",2.87056913059999,3.14470606520172,0.27413693460173
"488",100,19.7,"male","unexp_first","social","snack",3.32790958589232,3.28374806868533,-0.044161517206998
"489",101,22.5,"female","unexp_first","physical","continuity",2.62152485085362,2.76757618041624,0.146051329562618
"490",101,22.5,"female","unexp_first","physical","solidity",2.71470358559295,3.26270130440823,0.547997718815284
"491",101,22.5,"female","unexp_first","social","drink",2.69054133631387,3.11797363135209,0.427432295038218
"492",101,22.5,"female","unexp_first","social","fairness",3.08862602044669,3.35130041051753,0.262674390070845
"493",101,22.5,"female","unexp_first","social","snack",3.00766084441926,3.08690720056692,0.0792463561476522
"494",103,16.5,"female","exp_first","physical","continuity",3.40119738166216,3.40119738166216,0
"495",103,16.5,"female","exp_first","social","drink",2.88948128588719,2.70536563573154,-0.184115650155649
"496",103,16.5,"female","exp_first","social","fairness",3.40119738166216,3.40119738166216,0
"497",104,17.8,"male","exp_first","physical","containment",3.27336401015227,3.15785112303043,-0.115512887121844
"498",104,17.8,"male","exp_first","physical","continuity",3.01427585126616,2.95491027903374,-0.0593655722324242
"499",104,17.8,"male","exp_first","physical","solidity",3.24079668148973,3.18635263316264,-0.0544440483270847
"500",104,17.8,"male","exp_first","physical","support",1.96850998097255,2.96527306606928,0.996763085096728
"501",104,17.8,"male","exp_first","social","drink",3.36031975586598,3.13735749817313,-0.222962257692848
"502",104,17.8,"male","exp_first","social","fairness",3.33252051586594,3.2329358104365,-0.0995847054294368
"503",104,17.8,"male","exp_first","social","reach",2.94077338927323,2.86506539162493,-0.0757079976483053
"504",105,15.9,"female","unexp_first","physical","containment",2.68102152871429,2.80214752448133,0.121125995767035
"505",105,15.9,"female","unexp_first","physical","continuity",3.31028926325847,3.28091121578765,-0.0293780474708143
"506",105,15.9,"female","unexp_first","physical","solidity",2.82032931806707,3.20274644293832,0.382417124871243
"507",105,15.9,"female","unexp_first","physical","support",2.63905732961526,3.06152001409199,0.422462684476736
"508",105,15.9,"female","unexp_first","social","drink",3.20894685560263,3.31150143930186,0.10255458369923
"509",105,15.9,"female","unexp_first","social","fairness",2.78468342712313,3.19740809524409,0.412724668120969
"510",105,15.9,"female","unexp_first","social","reach",3.11884865518574,2.88769079114291,-0.23115786404283
"511",105,15.9,"female","unexp_first","social","snack",3.29731725117476,3.37275944634162,0.0754421951668585
"512",106,21.4,"female","exp_first","physical","containment",3.31054301339402,3.23001356927866,-0.0805294441153679
"513",106,21.4,"female","exp_first","physical","continuity",3.23426482583185,3.40119738166216,0.166932555830301
"514",106,21.4,"female","exp_first","physical","solidity",3.34631392467706,1.94591014905531,-1.40040377562175
"515",106,21.4,"female","exp_first","physical","support",3.40119738166216,2.98770010185673,-0.413497279805429
"516",106,21.4,"female","exp_first","social","drink",3.34631392467706,3.33182144179281,-0.0144924828842496
"517",106,21.4,"female","exp_first","social","fairness",3.30367236152828,3.29878237623409,-0.00488998529419193
"518",106,21.4,"female","exp_first","social","reach",3.3462384973814,3.30280346944161,-0.0434350279397848
"519",106,21.4,"female","exp_first","social","snack",3.21084365317094,3.34631392467706,0.135470271506127
"520",107,24.3,"male","exp_first","physical","containment",3.22684399451738,3.16968558067743,-0.0571584138399484
"521",107,24.3,"male","exp_first","physical","continuity",3.32482440287758,3.2092294478164,-0.115594955061186
"522",107,24.3,"male","exp_first","physical","solidity",2.48290197153562,3.40119738166216,0.918295410126533
"523",107,24.3,"male","exp_first","physical","support",2.8724340572095,3.06152001409199,0.189085956882497
"524",107,24.3,"male","exp_first","social","drink",3.24236285252247,3.40119738166216,0.158834529139685
"525",107,24.3,"male","exp_first","social","fairness",3.25877704162039,2.93648943999113,-0.322287601629257
"526",107,24.3,"male","exp_first","social","reach",3.19232319474718,2.70402605080248,-0.488297143944691
"527",107,24.3,"male","exp_first","social","snack",3.03495298670727,3.31769966915859,0.282746682451322
"528",108,24.3,"female","unexp_first","physical","containment",2.61006979274201,2.4748563139345,-0.135213478807508
"529",108,24.3,"female","unexp_first","physical","solidity",2.57241856904219,2.99573227355399,0.423313704511802
"530",108,24.3,"female","unexp_first","physical","support",3.40119738166216,2.76506045581899,-0.636136925843166
"531",108,24.3,"female","unexp_first","social","drink",3.31769966915859,3.16489796510998,-0.152801704048613
"532",108,24.3,"female","unexp_first","social","fairness",3.36362722299819,3.40119738166216,0.0375701586639647
"533",108,24.3,"female","unexp_first","social","reach",2.94288979217961,2.99372222262597,0.0508324304463561
"534",108,24.3,"female","unexp_first","social","snack",3.23317312956903,3.33923675430298,0.106063624733953
"535",109,21.5,"female","exp_first","physical","containment",3.25809653802148,3.10906095886099,-0.149035579160488
"536",109,21.5,"female","exp_first","physical","continuity",3.19232319474718,2.39789527279837,-0.794427921948806
"537",109,21.5,"female","exp_first","physical","solidity",3.40119738166216,3.40119738166216,0
"538",109,21.5,"female","exp_first","physical","support",3.40119738166216,3.40119738166216,0
"539",109,21.5,"female","exp_first","social","drink",3.40119738166216,3.2817373373954,-0.119460044266753
"540",109,21.5,"female","exp_first","social","fairness",3.15492710026793,2.77645292798661,-0.378474172281317
"541",109,21.5,"female","exp_first","social","reach",3.40119738166216,3.24033075986946,-0.160866621792695
"542",109,21.5,"female","exp_first","social","snack",3.40119738166216,3.40119738166216,0
"543",110,16.6,"male","unexp_first","physical","containment",3.20437113866532,2.598235335095,-0.606135803570315
"544",110,16.6,"male","unexp_first","physical","continuity",2.60090556365088,2.33020026002702,-0.270705303623863
"545",110,16.6,"male","unexp_first","physical","solidity",3.22658965484538,2.28238238567653,-0.94420726916885
"546",110,16.6,"male","unexp_first","physical","support",2.484906649788,3.3603753871419,0.8754687373539
"547",110,16.6,"male","unexp_first","social","drink",2.94366571984001,3.40119738166216,0.457531661822143
"548",110,16.6,"male","unexp_first","social","fairness",2.77645292798661,2.47303707423262,-0.303415853753994
"549",110,16.6,"male","unexp_first","social","reach",2.93226269960532,3.21807228926852,0.285809589663192
"550",110,16.6,"male","unexp_first","social","snack",3.07454345397828,3.40119738166216,0.326653927683874
